student_id,name,logins_per_week,video_watch_pct,assignments_submitted,quiz_score,course_completed
STU1000,Jonathan Wason,4.7,55.0,8,69.5,1
STU1001,Yatin Upadhyay,3.6,40.9,10,60.6,1
STU1002,Indira Bhakta,3.3,45.0,6,39.2,0
STU1003,Lila Bakshi,4.4,33.7,3,32.1,0
STU1004,Anika Buch,2.5,33.1,5,22.2,0
STU1005,Nathan Nagy,6.2,72.1,7,54.1,1
STU1006,Wakeeta Prabhakar,3.2,39.5,4,38.5,0
STU1007,George Dara,3.1,34.3,5,51.3,1
STU1008,Neelima Pathak,4.0,37.4,8,40.0,0
STU1009,Jasmit Balakrishnan,4.3,32.0,4,40.1,0
STU1010,Qasim Patla,5.1,62.9,6,53.1,1
STU1011,Baljiwan Dass,1.8,14.4,6,37.0,0
STU1012,Chatura Prabhakar,4.5,36.4,7,45.9,0
STU1013,Warhi Kapadia,3.0,42.1,9,56.7,1
STU1014,Dipta Memon,2.7,29.3,7,46.9,0
STU1015,Zinal Pandya,3.3,37.7,4,25.9,0
STU1016,Matthew Garg,5.2,76.0,6,67.2,1
STU1017,Hemangini Nayar,4.5,47.5,7,64.0,1
STU1018,Girindra Sarkar,3.9,62.4,1,42.5,0
STU1019,Chatura Wali,4.1,46.2,7,33.7,0
STU1020,Atharv Gokhale,3.7,48.0,9,49.7,0
STU1021,Tamanna Raju,2.8,28.6,8,44.8,0
STU1022,Krishna Rai,3.2,43.5,7,52.6,1
STU1023,Tarak Balan,2.9,31.5,6,26.0,0
STU1024,Vedika Parsa,4.4,55.4,7,51.4,1
STU1025,Meera Narayanan,1.9,18.6,6,23.6,0
STU1026,Qasim Bora,3.8,49.6,10,58.9,1
STU1027,Ekani Goda,4.4,52.1,3,41.0,0
STU1028,Manthan Varghese,4.1,73.8,6,56.1,1
STU1029,Wishi Sarna,3.9,35.1,9,57.5,1
STU1030,Wakeeta Bava,5.2,53.3,9,50.7,1
STU1031,Hitesh Bhardwaj,4.9,80.7,5,51.7,1
STU1032,Kabir Deshmukh,4.1,44.2,3,38.4,0
STU1033,Garima Puri,2.4,33.5,5,45.6,0
STU1034,Dipta Loyal,2.8,30.4,8,32.7,0
STU1035,Jatin Chahal,4.3,64.7,3,45.4,0
STU1036,Aryan Khalsa,4.4,60.6,4,35.6,0
STU1037,Jeet Viswanathan,4.8,60.6,7,59.1,1
STU1038,Nicholas Ravi,3.0,38.3,7,37.0,0
STU1039,Wyatt Ramanathan,6.8,86.3,4,68.6,0
STU1040,Yashica Ben,2.5,37.9,9,39.4,0
STU1041,Benjamin Trivedi,5.4,68.9,8,79.1,1
STU1042,Manthan Bail,3.6,35.7,5,32.6,0
STU1043,Omaja Sachdeva,3.9,50.2,7,56.3,1
STU1044,Pavani Goel,4.0,62.5,6,72.2,1
STU1045,Omisha Amble,4.9,50.2,4,49.7,0
STU1046,Anirudh Nadkarni,3.7,51.5,7,48.6,0
STU1047,Urmi Zacharia,2.7,17.3,6,40.1,0
STU1048,Radha Khatri,4.3,39.1,7,51.8,1
STU1049,Janaki Sani,2.7,33.9,7,31.1,0
STU1050,Pranit Ramachandran,4.5,59.6,9,68.8,1
STU1051,Vivaan Tara,1.9,13.4,8,38.4,0
STU1052,Vanya Goda,4.8,96.1,8,77.1,1
STU1053,Daksha Bahl,5.4,71.3,6,65.0,1
STU1054,William Bail,2.8,31.2,6,37.9,0
STU1055,Faris Chokshi,7.5,71.3,8,61.1,1
STU1056,Meghana Edwin,3.3,50.5,7,38.5,0
STU1057,Logan Mistry,2.9,41.6,5,39.2,0
STU1058,Megha Mahajan,4.1,42.7,10,62.2,1
STU1059,Peter Shroff,1.0,13.9,5,28.8,0
STU1060,Charita Varkey,2.8,32.5,8,50.0,0
STU1061,Manthan Bal,2.2,23.1,6,27.2,0
STU1062,Laban Ramachandran,6.6,83.2,4,69.1,0
STU1063,Avni Sangha,7.2,96.7,3,61.1,0
STU1064,Rajata Loke,5.9,63.7,7,68.3,1
STU1065,Tarak Sunder,2.6,30.6,0,11.2,0
STU1066,Chaman Peri,3.6,30.7,10,40.4,0
STU1067,Max Pathak,3.3,40.9,9,38.8,0
STU1068,Yashodhara Madan,5.7,68.5,5,60.5,1
STU1069,Bishakha Din,4.3,45.6,7,47.3,0
STU1070,Owen Kanda,4.2,57.0,10,51.3,1
STU1071,Edhitha Konda,7.2,66.9,6,70.6,1
STU1072,Ubika Ram,4.4,46.6,6,44.3,0
STU1073,Warda Nigam,3.1,45.7,7,39.4,0
STU1074,Madhav Sen,5.3,66.7,8,68.0,1
STU1075,Tarak Khurana,2.8,28.0,8,46.9,0
STU1076,Vrishti Ramakrishnan,4.0,49.2,9,50.8,1
STU1077,Umang Mukhopadhyay,4.8,55.6,6,61.1,1
STU1078,Aditya Saraf,5.2,70.5,9,66.4,1
STU1079,Sanya Nagar,5.0,56.9,7,55.3,1
STU1080,Thomas Sule,4.1,55.2,5,63.0,1
STU1081,Reyansh Ahluwalia,2.5,17.9,9,47.2,0
STU1082,Dominic Buch,4.9,65.1,6,47.9,0
STU1083,Avni Badal,4.1,42.4,8,50.3,1
STU1084,Simon Nigam,2.8,30.4,7,35.3,0
STU1085,Jyoti Deshpande,2.8,36.0,7,37.2,0
STU1086,Timothy Goswami,3.3,41.9,4,25.3,0
STU1087,Ira Patil,2.9,32.7,7,52.6,1
STU1088,Girish Bhattacharyya,5.3,62.0,6,48.1,0
STU1089,Zayyan Mandal,4.0,45.1,7,42.3,0
STU1090,Abha Arya,4.8,72.9,6,59.8,1
STU1091,Samuel Hayre,5.0,56.0,7,56.2,1
STU1092,Saanvi Prakash,4.1,41.5,7,52.4,1
STU1093,Diya Tak,6.2,84.0,10,70.8,1
STU1094,Falak Ghosh,5.3,65.4,10,61.7,1
STU1095,Adya Puri,2.7,26.4,2,20.1,0
STU1096,Eesha Mutti,2.9,36.3,7,56.7,1
STU1097,Vyanjana Mistry,5.4,59.0,5,57.0,1
STU1098,Dipta Iyer,2.0,42.3,9,41.0,0
STU1099,Aarna Baria,1.4,30.3,6,40.6,0
STU1100,Bhavya Krishnan,1.6,13.2,7,30.5,0
STU1101,Ishaan Dhawan,3.3,45.8,4,36.4,0
STU1102,Aarush Kunda,4.2,55.5,8,46.2,0
STU1103,Oeshi Puri,1.7,33.2,7,29.6,0
STU1104,Bishakha Murthy,6.3,76.8,9,73.3,1
STU1105,Anamika Dasgupta,7.1,100.0,6,81.5,1
STU1106,Matthew Dhar,5.0,73.7,5,60.4,1
STU1107,Yashica Kala,5.6,49.6,4,32.5,0
STU1108,Darpan Swaminathan,3.6,50.4,10,57.4,1
STU1109,Rachana Sachdeva,6.4,63.0,3,52.5,0
STU1110,Utkarsh Dalal,4.6,54.9,2,39.3,0
STU1111,Benjamin Rama,2.0,30.7,7,28.8,0
STU1112,Siddharth Hegde,3.2,27.8,6,45.8,0
STU1113,Bakhshi Mammen,2.5,35.0,5,27.7,0
STU1114,Tanay Chad,3.8,35.2,5,30.3,0
STU1115,Chameli Sunder,6.9,83.2,5,67.5,1
STU1116,Netra Walla,3.8,43.4,8,56.4,1
STU1117,Teerth Lad,3.2,32.6,6,20.9,0
STU1118,Bhavna Reddy,1.7,34.1,10,42.2,0
STU1119,Watika Srinivas,4.9,61.9,10,74.5,1
STU1120,Ria Sem,3.8,36.0,3,36.1,0
STU1121,Chanakya Prakash,2.9,20.6,5,23.5,0
STU1122,Jeet Sagar,6.5,86.8,6,79.6,1
STU1123,Ria Doshi,4.1,40.6,10,60.9,1
STU1124,Ekaja Dewan,2.4,26.9,5,20.5,0
STU1125,Amol Vaidya,5.4,83.9,4,61.0,0
STU1126,Daksha Date,3.0,31.1,5,28.4,0
STU1127,Vivaan Kuruvilla,4.1,40.9,7,47.9,0
STU1128,Ekapad Goda,3.6,34.1,5,44.8,0
STU1129,Reyansh Rajagopalan,4.8,47.8,7,59.2,1
STU1130,Rachana Tak,1.5,23.4,5,31.2,0
STU1131,Jasmit Grewal,2.9,16.8,3,26.0,0
STU1132,Gaurangi Bala,4.4,43.8,8,39.8,0
STU1133,Pooja Badami,3.9,34.7,5,40.6,0
STU1134,Vasatika Soni,2.7,28.6,9,39.9,0
STU1135,Advika Patel,5.3,52.3,8,70.9,1
STU1136,Timothy Barman,0.3,0.0,8,22.1,0
STU1137,Lipika Hans,4.6,49.2,7,51.3,1
STU1138,Zaid Loke,5.8,72.1,7,60.4,1
STU1139,Maanav Ravi,3.3,35.3,7,39.9,0
STU1140,Laksh Choudhury,4.4,73.6,8,58.0,1
STU1141,Vivaan Gade,5.8,65.5,2,40.0,0
STU1142,Balveer Chaudhary,1.2,10.9,7,41.1,0
STU1143,Aryan Choudhry,4.5,51.8,8,37.9,0
STU1144,Aarna Puri,4.4,60.5,4,55.3,0
STU1145,Aishani Balay,4.5,49.8,8,73.3,1
STU1146,Eta Kibe,4.3,54.1,6,42.9,0
STU1147,Zansi Patla,5.2,53.8,7,52.6,1
STU1148,Nilima Choudhury,4.7,59.7,9,57.2,1
STU1149,Balveer Wali,3.6,33.4,6,44.4,0
STU1150,Anita Oza,5.1,52.0,8,69.2,1
STU1151,Jalsa Baria,4.6,74.0,5,43.2,0
STU1152,Ekanta Rai,1.3,30.6,8,35.4,0
STU1153,Gautam Kibe,4.4,41.5,10,59.2,1
STU1154,Balveer Sethi,4.2,57.7,7,54.7,1
STU1155,Elijah Khanna,2.8,38.3,10,60.9,1
STU1156,Niharika Choudhary,6.4,71.7,5,59.7,1
STU1157,Balendra Banik,4.1,60.1,3,54.1,0
STU1158,Anusha Mangal,3.8,41.3,4,25.4,0
STU1159,Balveer Roy,5.2,63.1,4,40.0,0
STU1160,Ijaya Agate,3.5,58.7,6,35.2,0
STU1161,Watika Bhargava,3.6,40.5,1,28.7,0
STU1162,Lakshit Sani,3.7,51.4,10,66.5,1
STU1163,Barkha Mallick,3.6,32.1,10,52.7,1
STU1164,Faras Sengupta,4.0,47.8,7,48.4,0
STU1165,Gaurika Yohannan,3.1,31.7,6,34.3,0
STU1166,Arunima Bhakta,2.9,35.9,6,50.8,1
STU1167,Akshay Bawa,0.0,10.9,9,11.3,0
STU1168,Samesh Kibe,3.5,38.3,4,30.3,0
STU1169,Harita Dewan,2.3,45.1,8,54.2,1
STU1170,Nathaniel Tailor,5.1,49.9,5,53.3,1
STU1171,Barkha Hans,2.2,33.5,6,32.1,0
STU1172,Deepa Soman,5.1,65.6,6,65.4,1
STU1173,Charvi Narasimhan,2.4,35.0,8,39.5,0
STU1174,Aarav Sandal,4.5,41.5,8,51.5,1
STU1175,Zilmil Som,3.2,48.9,5,29.4,0
STU1176,Aarini Char,1.7,26.5,4,39.5,0
STU1177,Manbir Murthy,0.9,27.8,7,29.8,0
STU1178,Indali Sagar,3.2,42.4,6,50.6,1
STU1179,Shivansh Din,4.2,51.9,6,48.2,0
STU1180,Hemani Khalsa,4.5,36.9,4,46.6,0
STU1181,Abhimanyu Sama,4.3,49.8,7,54.2,1
STU1182,Oliver Sengupta,3.2,30.6,7,33.8,0
STU1183,Owen Patla,4.6,38.2,9,59.2,1
STU1184,Pooja Krishna,4.4,62.6,10,71.6,1
STU1185,Sara Dora,1.2,1.6,5,20.0,0
STU1186,Kevin Wadhwa,4.8,50.3,7,47.7,0
STU1187,Anita Wali,3.1,23.1,5,22.9,0
STU1188,Ekaja Bhat,2.5,40.5,5,56.4,1
STU1189,Gaurav Raj,4.7,58.2,5,55.3,1
STU1190,Oviya Bhakta,3.1,38.4,10,50.8,1
STU1191,Yug Kohli,5.7,61.4,6,72.0,1
STU1192,Shivansh Gopal,3.1,55.3,8,45.7,0
STU1193,Sai Bumb,4.9,68.5,8,49.0,0
STU1194,Diya Ramesh,2.9,32.3,6,42.9,0
STU1195,Ranbir Padmanabhan,4.3,38.2,7,53.4,1
STU1196,Vamakshi Merchant,4.8,68.4,8,64.8,1
STU1197,Oliver Mohanty,3.9,30.2,7,46.4,0
STU1198,Ayaan Sastry,4.4,40.0,4,49.4,0
STU1199,Ishaan Arora,3.9,53.6,7,50.8,1
STU1200,Akshay Mitter,5.4,59.6,7,55.1,1
STU1201,Siya Varma,3.3,36.5,7,39.7,0
STU1202,Omya Guha,5.9,61.9,6,55.3,1
STU1203,Anamika Bath,6.2,76.4,9,60.3,1
STU1204,Jagvi Kale,4.4,61.7,7,63.3,1
STU1205,Orinder Mall,3.2,52.5,10,52.6,1
STU1206,Abha Kaul,3.3,54.1,10,52.2,1
STU1207,Vansha Raval,3.4,38.0,4,28.6,0
STU1208,Devansh Basu,2.5,22.3,6,35.5,0
STU1209,Anjali Bala,6.3,65.6,8,65.4,1
STU1210,Jacob Ramaswamy,3.9,53.5,4,45.2,0
STU1211,Faraj Ghosh,4.2,55.3,7,72.0,1
STU1212,Mason Saini,3.0,30.7,5,30.7,0
STU1213,Abhimanyu Murty,3.0,47.9,9,46.1,0
STU1214,Pratyush Banerjee,2.8,38.3,5,41.2,0
STU1215,Ladli Dey,4.3,36.4,10,70.8,1
STU1216,Diya Mandal,3.1,33.3,7,44.6,0
STU1217,Chakradhar Mohanty,5.0,80.1,6,52.9,1
STU1218,Xiti Sachdev,1.9,15.5,6,43.6,0
STU1219,Yashodhara Jayaraman,3.2,40.6,6,50.9,1
STU1220,Gabriel Lad,7.8,88.3,6,82.3,1
STU1221,Kiaan Subramanian,5.0,78.5,8,61.6,1
STU1222,Yasti Rau,4.9,69.9,8,66.0,1
STU1223,Ikbal Bath,5.6,78.9,9,75.3,1
STU1224,Laksh Shan,3.7,45.9,9,46.8,0
STU1225,Viraj Purohit,4.6,51.3,7,63.3,1
STU1226,Faris Kaur,4.3,52.1,4,49.5,0
STU1227,Nikita Nanda,5.0,81.6,6,61.5,1
STU1228,Janya Chakrabarti,4.4,68.6,6,56.0,1
STU1229,Amol Nagar,4.9,60.7,6,55.6,1
STU1230,Nitara Zachariah,5.6,56.9,7,53.4,1
STU1231,Anjali Badami,5.8,54.4,5,56.7,1
STU1232,Krisha Jaggi,6.3,74.9,5,76.1,1
STU1233,Aadhya Dixit,1.8,0.0,7,23.7,0
STU1234,Chatura Johal,2.5,37.1,7,35.6,0
STU1235,Baghyawati Badal,2.1,33.9,8,39.5,0
STU1236,Anjali Sridhar,6.8,70.9,3,51.2,0
STU1237,Triya Chakraborty,3.9,49.2,6,49.5,0
STU1238,Leena Sanghvi,2.1,39.6,6,45.1,0
STU1239,Jackson Sachdeva,4.5,58.6,8,60.9,1
STU1240,Chavvi Subramaniam,5.0,73.3,7,66.1,1
STU1241,Rajata Vig,3.9,61.2,5,61.3,1
STU1242,Jalsa Ratti,3.9,32.5,7,39.8,0
STU1243,Advaith Merchant,5.3,57.1,6,39.8,0
STU1244,Omaja Sarma,3.3,15.4,3,33.2,0
STU1245,Gunbir Madan,5.2,66.7,5,53.7,1
STU1246,Yachana Kadakia,4.0,36.4,10,62.1,1
STU1247,Krishna Pillai,3.7,44.7,7,31.1,0
STU1248,Abdul Chaudry,3.6,36.4,4,34.2,0
STU1249,Balveer Aurora,6.7,86.8,5,70.4,1
STU1250,Jeet Mall,6.1,82.4,7,62.5,1
STU1251,Nachiket Sachdev,5.0,63.9,8,66.0,1
STU1252,Azad Sabharwal,5.6,61.8,9,67.4,1
STU1253,Arin Sarkar,7.1,78.3,10,81.1,1
STU1254,Aarush Rege,3.0,31.2,6,41.5,0
STU1255,Nidhi Swamy,4.8,51.9,6,68.5,1
STU1256,Unni Suri,6.6,83.6,7,71.2,1
STU1257,Parth Mani,4.9,48.6,6,37.6,0
STU1258,Vaishnavi Bhatt,4.6,61.7,6,65.5,1
STU1259,Ojasvi Sathe,2.2,11.8,7,40.8,0
STU1260,Dalaja Kuruvilla,6.5,73.4,9,72.5,1
STU1261,Charles Bath,3.7,53.2,8,39.7,0
STU1262,Frederick Dey,6.2,88.2,5,67.1,1
STU1263,Ekbal Issac,4.7,59.0,5,44.5,0
STU1264,Advay Bajwa,4.0,59.7,8,52.4,1
STU1265,Aashi Doctor,5.2,33.9,9,43.2,0
STU1266,Anthony Sachar,3.5,30.8,4,43.9,0
STU1267,Oeshi Gandhi,3.3,43.1,6,46.2,0
STU1268,Owen Saraf,4.1,36.4,8,46.0,0
STU1269,Yuvraj Sharma,1.7,16.1,10,46.5,0
STU1270,Pooja Reddy,3.5,38.5,6,58.8,1
STU1271,Ranveer Iyengar,4.6,59.5,9,62.7,1
STU1272,Fiyaz Mohanty,3.6,41.2,6,43.0,0
STU1273,Diya Varty,5.1,61.7,8,60.1,1
STU1274,Guneet Dutta,4.1,29.2,8,50.9,1
STU1275,Bhavya Ratta,5.5,37.0,10,60.9,1
STU1276,Gagan Parsa,5.7,58.0,8,54.1,1
STU1277,Indira Kala,3.1,56.3,6,46.6,0
STU1278,Kavya Bose,5.3,68.6,7,63.5,1
STU1279,Radha Ghosh,7.6,90.6,7,84.9,1
STU1280,Bina Taneja,5.7,80.3,8,59.0,1
STU1281,Kala Andra,6.5,66.5,7,59.4,1
STU1282,Faris Patel,3.9,50.1,7,53.0,1
STU1283,Januja Bir,6.4,81.3,6,73.6,1
STU1284,Radha Babu,5.8,57.3,8,68.4,1
STU1285,Dhruv Chaudhuri,3.6,57.0,6,48.2,0
STU1286,Ekani Peri,3.7,44.6,4,27.5,0
STU1287,Timothy Deshmukh,6.4,68.3,5,42.7,0
STU1288,Aarush Mammen,3.0,22.8,10,55.3,1
STU1289,Isaiah Atwal,3.0,58.5,8,47.9,0
STU1290,Darpan Loke,0.3,26.5,4,6.0,0
STU1291,Varenya Batta,5.5,90.4,9,77.1,1
STU1292,Aarnav Raj,4.9,67.3,8,63.5,1
STU1293,Ekta Saran,4.2,49.8,5,43.1,0
STU1294,Vamakshi Sen,1.5,17.0,5,16.2,0
STU1295,Yashica Krish,4.3,65.5,8,45.6,0
STU1296,Darsh Radhakrishnan,2.5,39.4,5,33.3,0
STU1297,Jonathan Krishnan,4.8,47.9,7,42.5,0
STU1298,Zansi Agarwal,3.1,40.4,3,36.0,0
STU1299,Agastya Rastogi,4.0,53.5,7,61.9,1
STU1300,Harish Sankar,4.2,46.1,7,54.4,1
STU1301,Priya Gade,4.1,49.6,5,39.5,0
STU1302,Chaitaly Kurian,1.9,40.3,4,24.3,0
STU1303,Teerth Wali,2.9,43.7,6,50.8,1
STU1304,Chaitanya Singh,3.0,38.8,5,54.4,1
STU1305,Jyoti Mahal,2.2,29.5,8,43.0,0
STU1306,Oscar Bora,3.7,43.1,7,45.8,0
STU1307,Zayan Bhagat,5.4,86.9,5,49.1,0
STU1308,Sarthak Mani,3.9,72.6,5,62.8,1
STU1309,Vinaya Warrior,6.5,72.5,8,82.8,1
STU1310,Lopa Babu,3.4,38.8,5,30.9,0
STU1311,Sachi Gaba,3.0,23.8,7,32.9,0
STU1312,Charita Sachdeva,4.4,37.2,7,55.4,1
STU1313,Kala Vaidya,1.0,15.7,9,24.0,0
STU1314,Gaurang Srinivas,6.5,82.2,5,63.4,1
STU1315,Vrinda Chauhan,4.8,58.4,8,51.2,1
STU1316,Noah Rege,4.3,37.5,6,38.3,0
STU1317,Chanakya Seshadri,2.9,47.2,9,54.9,1
STU1318,Rishi Savant,2.4,25.6,9,43.5,0
STU1319,Siya Dara,7.5,93.9,7,74.4,1
STU1320,Kritika Devi,4.2,48.9,8,61.2,1
STU1321,Anita Choudhry,2.8,20.3,3,30.1,0
STU1322,Zarna Apte,2.3,6.1,7,51.4,1
STU1323,Jyoti Kaul,4.0,56.4,7,50.9,1
STU1324,Hemani Pandya,5.4,61.9,7,61.9,1
STU1325,Warhi Chakraborty,3.0,45.9,6,35.7,0
STU1326,Lopa Mody,4.8,48.6,7,53.3,1
STU1327,Wahab Sandhu,5.6,71.9,6,66.5,1
STU1328,Yashawini Bhasin,6.1,78.8,7,56.2,1
STU1329,Janya Karan,2.4,25.7,5,29.7,0
STU1330,Ganga Majumdar,4.1,54.5,6,52.8,1
STU1331,Amruta Bera,4.1,29.4,5,38.7,0
STU1332,Abdul Sani,2.2,32.4,10,55.7,1
STU1333,Chakrika Rout,3.7,59.3,7,48.4,0
STU1334,Jyoti Shetty,3.1,34.2,6,40.7,0
STU1335,Dipta Bal,4.2,50.4,7,60.6,1
STU1336,Unnati Nagar,5.4,50.0,1,47.1,0
STU1337,Balhaar Nanda,1.9,20.6,4,10.5,0
STU1338,Utkarsh Mann,4.8,65.2,5,31.2,0
STU1339,Warhi Sachdev,3.2,42.3,4,37.6,0
STU1340,Ekbal Karnik,4.0,53.8,7,43.3,0
STU1341,Mason Ramachandran,5.8,68.0,6,52.4,1
STU1342,Lakshit Sankaran,3.3,30.8,6,53.0,1
STU1343,Isaac Basu,1.9,6.7,9,33.7,0
STU1344,Anamika Chandra,3.0,46.4,5,53.7,1
STU1345,Rachana Bath,5.0,55.1,10,59.4,1
STU1346,Girik Bajaj,5.1,64.2,9,76.7,1
STU1347,Nitara Bath,4.0,40.5,7,42.3,0
STU1348,Fitan Nayak,7.0,85.4,6,71.1,1
STU1349,Vedika Iyengar,2.0,14.3,9,32.5,0
STU1350,Keya Batta,2.4,34.2,9,50.3,1
STU1351,Jacob Dara,5.5,58.4,4,62.6,0
STU1352,Hritik Mitra,3.5,39.5,9,55.3,1
STU1353,Girik Kata,4.7,78.1,5,62.1,1
STU1354,Yadavi Rao,4.1,51.9,10,63.5,1
STU1355,Meera Vyas,4.8,68.3,6,48.8,0
STU1356,Anjali Thakkar,2.4,9.1,10,32.3,0
STU1357,Quincy Nayak,3.7,41.6,7,53.2,1
STU1358,Yochana Nanda,5.3,57.8,6,57.4,1
STU1359,Jeet Swamy,3.6,59.3,7,56.5,1
STU1360,Zansi Jani,5.0,71.7,7,49.7,0
STU1361,Priya Chaudhari,4.6,48.7,5,51.6,1
STU1362,Diya Tata,5.9,71.0,7,77.5,1
STU1363,Avi Goyal,4.4,78.8,8,47.8,0
STU1364,Ubika Dhingra,5.1,65.0,9,69.8,1
STU1365,Tarak Apte,3.8,33.4,6,35.4,0
STU1366,Finn Dasgupta,3.1,43.1,10,55.9,1
STU1367,Vrinda Mital,2.2,30.8,9,37.9,0
STU1368,Nidra Sidhu,3.8,45.7,5,47.7,0
STU1369,Pooja Sundaram,3.8,49.8,5,40.0,0
STU1370,Utkarsh Krishnan,5.1,57.5,10,62.1,1
STU1371,Abeer Narula,4.3,60.9,4,31.7,0
STU1372,Nicholas Lad,1.7,33.0,5,50.4,1
STU1373,Indira Srinivasan,3.2,40.2,10,68.5,1
STU1374,Nidhi Bali,7.1,97.3,9,86.2,1
STU1375,Sai Dua,5.2,56.9,5,51.6,1
STU1376,Jasmit Keer,3.7,39.9,8,56.7,1
STU1377,Ridhi Mand,4.1,64.0,4,44.1,0
STU1378,Upma Lanka,2.9,16.1,6,32.9,0
STU1379,Harshil Shah,6.3,81.9,4,74.9,0
STU1380,Urvi Kothari,5.8,75.4,6,54.1,1
STU1381,Fitan Ben,3.4,51.7,10,68.6,1
STU1382,Aahana Sarkar,3.3,28.4,7,27.4,0
STU1383,Gautami Issac,4.5,52.5,6,37.4,0
STU1384,Jasmit Ratti,4.8,52.3,4,22.9,0
STU1385,Omya Anne,4.0,65.7,10,58.8,1
STU1386,Akshay Sandal,3.1,41.9,5,40.8,0
STU1387,Vedhika Edwin,5.1,73.5,6,56.5,1
STU1388,Darika Mani,2.7,24.1,6,37.9,0
STU1389,Jagvi Bhagat,5.4,56.8,9,61.5,1
STU1390,Sanya Sami,4.0,40.5,2,40.8,0
STU1391,Darpan Shetty,5.1,58.4,7,61.3,1
STU1392,Lipika Gola,1.7,15.1,8,23.8,0
STU1393,Banjeet Dhaliwal,4.4,39.2,7,48.9,0
STU1394,Bishakha Mutti,1.6,30.8,5,22.4,0
STU1395,Vasudha Dixit,4.3,63.1,4,46.8,0
STU1396,Gauri Tailor,4.6,62.1,7,52.9,1
STU1397,Odika Gill,2.8,34.5,4,9.0,0
STU1398,Kavya Madan,4.7,65.4,2,35.0,0
STU1399,Damini Dixit,4.9,79.4,7,55.7,1
STU1400,Niharika Saraf,3.7,58.1,5,38.8,0
STU1401,Aishani Dani,3.3,30.1,7,55.0,1
STU1402,Lekha Bhatti,4.5,51.5,6,37.4,0
STU1403,Ekantika Bumb,5.3,62.8,6,81.9,1
STU1404,Arin Bhatnagar,4.4,45.3,6,57.1,1
STU1405,Qarin Dugar,4.2,36.0,8,45.0,0
STU1406,Unnati Nayak,6.8,92.4,6,80.7,1
STU1407,Libni Sridhar,4.1,57.7,7,45.7,0
STU1408,Tanvi Tank,3.0,46.3,6,38.6,0
STU1409,Abdul Mohanty,2.6,35.4,10,40.0,0
STU1410,Nidhi Sridhar,4.0,62.1,6,53.9,1
STU1411,Lohit Bawa,2.4,33.1,6,43.8,0
STU1412,Hemang Saini,5.8,95.5,8,75.0,1
STU1413,Charles Das,4.3,48.1,7,48.6,0
STU1414,Lakshmi Sant,4.3,64.8,4,55.9,0
STU1415,Vedhika Dewan,6.0,70.8,2,45.4,0
STU1416,Chandresh Gera,5.9,70.6,5,54.2,1
STU1417,Amaira Patil,5.3,69.1,6,55.0,1
STU1418,Ishani Ram,3.4,31.6,10,48.6,0
STU1419,Falak Dass,5.8,84.8,8,66.3,1
STU1420,Jagat Sengupta,4.6,55.0,5,51.0,1
STU1421,Balvan Sha,2.2,38.3,6,37.9,0
STU1422,Thomas Toor,4.4,50.2,8,51.0,1
STU1423,Triya Sur,5.3,50.1,7,71.5,1
STU1424,Gunbir Lall,2.5,23.2,8,40.9,0
STU1425,Abha Sankar,4.5,58.9,8,66.3,1
STU1426,Advaith Sachdev,4.6,52.8,8,71.5,1
STU1427,Yatin Bhatti,3.8,35.9,9,50.3,1
STU1428,Edhitha Misra,0.7,16.9,5,20.6,0
STU1429,Sanaya Prabhakar,4.5,55.9,8,53.1,1
STU1430,Alka Basu,4.8,55.0,8,62.7,1
STU1431,Advaith Sawhney,2.6,42.1,5,42.7,0
STU1432,Timothy Sachar,4.6,73.6,6,53.1,1
STU1433,Leela Kant,4.0,45.0,8,38.7,0
STU1434,Maanas Singhal,2.4,18.1,8,51.4,1
STU1435,Ekiya Borra,3.8,43.9,7,57.0,1
STU1436,Finn Shah,2.6,33.6,8,46.5,0
STU1437,Dayita Sodhi,4.3,61.6,1,43.0,0
STU1438,Rajeshri Kaur,3.0,17.7,8,51.3,1
STU1439,Falak Bhavsar,3.8,55.1,10,69.4,1
STU1440,Ishwar Nagi,6.5,85.4,7,57.4,1
STU1441,Timothy Shenoy,3.6,34.8,10,51.5,1
STU1442,Ekaja Luthra,4.2,55.9,7,66.0,1
STU1443,Dhriti Seshadri,3.1,39.1,5,27.2,0
STU1444,Amrita Srivastava,3.1,36.8,6,34.4,0
STU1445,Abhiram Chadha,1.9,22.0,3,28.5,0
STU1446,Jeremiah Wable,4.1,34.6,6,37.9,0
STU1447,Harsh Kulkarni,4.5,67.4,3,46.4,0
STU1448,Meghana Shetty,3.8,52.3,7,43.8,0
STU1449,Aarnav Bakshi,3.5,34.0,9,49.6,0
STU1450,Anusha Din,6.9,82.2,5,53.5,1
STU1451,Matthew Balakrishnan,1.3,0.0,7,29.5,0
STU1452,Zaid Kale,1.6,28.2,6,32.2,0
STU1453,Chavvi Cheema,6.4,85.8,6,59.9,1
STU1454,Chaman Yohannan,0.8,2.4,6,13.1,0
STU1455,Kamya Purohit,3.8,46.4,6,40.3,0
STU1456,Anita Wali,4.3,56.0,4,55.8,0
STU1457,Frado Kakar,3.9,47.0,8,53.6,1
STU1458,Janya Gupta,5.4,67.7,5,58.1,1
STU1459,Maanas Sant,2.3,28.7,6,32.7,0
STU1460,Luke Sawhney,3.8,26.8,5,38.5,0
STU1461,Meera Chaudhary,4.2,40.1,9,47.2,0
STU1462,Nicholas Panchal,5.5,70.3,5,70.5,1
STU1463,Diya Dugar,2.2,35.6,9,38.6,0
STU1464,Aradhana Sanghvi,6.1,70.7,7,66.8,1
STU1465,Shaurya Nath,3.8,53.7,8,38.9,0
STU1466,Jatin Lall,6.0,55.4,9,75.1,1
STU1467,Warjas Ganguly,2.4,24.7,4,26.5,0
STU1468,Yashica Bhatia,3.5,49.8,9,64.6,1
STU1469,Leela Doctor,3.2,36.3,3,25.4,0
STU1470,Ishanvi Viswanathan,5.4,81.0,4,51.0,0
STU1471,Anya Hegde,4.0,50.8,5,48.1,0
STU1472,Ranveer Rege,3.3,39.5,8,47.2,0
STU1473,Wakeeta Naidu,3.3,38.5,6,38.3,0
STU1474,Raksha Dubey,3.6,59.2,8,51.0,1
STU1475,Nidhi Sharma,5.0,56.7,9,64.8,1
STU1476,Raghav Mahal,3.8,50.1,3,29.0,0
STU1477,Nitesh Gour,2.2,27.8,10,62.7,1
STU1478,Bhavya Goyal,5.0,65.0,3,42.8,0
STU1479,Gauri Ramanathan,2.8,27.4,6,32.5,0
STU1480,Xalak Saraf,1.0,19.5,4,22.5,0
STU1481,Chavvi Bhavsar,7.1,76.0,1,51.5,0
STU1482,Urvashi Padmanabhan,5.7,88.0,4,62.8,0
STU1483,Pushti Keer,3.3,38.5,10,40.5,0
STU1484,Tanmayi Lala,4.4,57.5,9,60.2,1
STU1485,Yashawini Shetty,4.5,50.1,7,49.6,0
STU1486,Vasatika Ramesh,4.9,55.1,7,55.2,1
STU1487,Pahal Cheema,5.7,67.9,3,61.1,0
STU1488,Upma Luthra,2.6,24.7,5,42.9,0
STU1489,Ranbir Sibal,0.8,41.0,9,40.8,0
STU1490,Henry Memon,3.9,49.7,8,57.5,1
STU1491,Osha Bhatt,4.8,58.5,6,51.8,1
STU1492,Xiti Doshi,3.7,55.7,8,29.5,0
STU1493,Saksham Kapadia,5.0,61.9,6,51.7,1
STU1494,Reva Hayer,5.7,77.9,5,62.4,1
STU1495,Harini Narasimhan,2.5,16.2,5,36.2,0
STU1496,Ishita Singhal,5.4,69.9,8,68.3,1
STU1497,Jason Sheth,3.0,40.3,8,52.0,1
STU1498,Manya Patel,5.8,76.7,7,73.4,1
STU1499,Ganga Sankaran,4.0,39.2,6,38.6,0
STU1500,Pahal Prakash,3.0,34.6,5,33.7,0
STU1501,Krish Vasa,1.2,16.5,7,22.6,0
STU1502,Mohammed Ratta,5.0,69.4,3,42.1,0
STU1503,Varsha Prasad,2.8,24.2,8,39.5,0
STU1504,Jonathan Cheema,3.6,23.2,8,34.5,0
STU1505,Girik Nagi,4.1,52.0,9,46.2,0
STU1506,Maya Dubey,0.0,1.8,10,38.4,0
STU1507,Yochana D’Alia,4.3,46.7,8,45.6,0
STU1508,Manya Krishnamurthy,4.7,61.5,9,83.8,1
STU1509,Diya Ratti,4.6,50.1,6,35.9,0
STU1510,Andrew Din,3.0,31.9,5,36.7,0
STU1511,Noah Bajwa,2.8,44.8,7,43.3,0
STU1512,Idika Contractor,3.5,43.6,8,42.1,0
STU1513,Samesh Deshmukh,3.0,33.0,4,26.4,0
STU1514,Harshil Sundaram,3.3,48.3,7,48.1,0
STU1515,Yuvraj Goda,5.3,62.2,7,58.2,1
STU1516,Daksh Memon,4.4,47.0,2,36.1,0
STU1517,Lajita Anne,6.1,82.5,8,80.4,1
STU1518,Arjun Wali,4.1,51.2,5,42.7,0
STU1519,Caleb Mangat,4.9,70.8,6,53.0,1
STU1520,Max Sandhu,4.0,54.0,4,24.3,0
STU1521,Siddharth Sami,3.2,26.2,5,33.8,0
STU1522,Dalbir Bajaj,3.3,54.1,7,50.4,1
STU1523,Harita Ganesan,4.9,47.4,9,58.5,1
STU1524,Ansh Kunda,5.0,49.3,3,49.8,0
STU1525,Oliver Bora,4.6,46.2,5,55.2,1
STU1526,Widisha Deshmukh,2.2,42.8,5,39.7,0
STU1527,Jagat Mitter,3.5,48.0,5,40.5,0
STU1528,Dayamai Vasa,4.1,39.2,8,46.5,0
STU1529,Indira Krishnan,3.7,34.5,1,26.5,0
STU1530,Unnati Nadig,7.6,99.0,6,73.7,1
STU1531,Nathan Trivedi,4.0,53.5,4,51.5,0
STU1532,Jyoti Kade,5.1,68.4,7,59.8,1
STU1533,Yamini Salvi,5.0,65.9,6,51.2,1
STU1534,Ekta Kulkarni,4.2,65.9,4,34.8,0
STU1535,Harshil Agrawal,4.2,50.9,7,53.2,1
STU1536,Rajata Tripathi,3.7,59.3,3,33.2,0
STU1537,Krish Nazareth,3.8,29.2,6,54.5,1
STU1538,Rohan Sehgal,4.0,50.3,4,36.8,0
STU1539,Radha Natt,3.4,37.6,9,54.4,1
STU1540,Jack Batra,2.3,30.1,7,46.6,0
STU1541,Pranit Aggarwal,6.4,66.6,5,49.4,0
STU1542,Chatresh Sama,3.6,47.9,8,50.0,0
STU1543,Janya Sant,3.5,43.5,5,57.3,1
STU1544,Sarthak Nayak,1.6,21.0,10,40.5,0
STU1545,Laban Choudhry,3.7,40.8,6,54.6,1
STU1546,Tamanna Gala,0.7,23.7,4,18.2,0
STU1547,Darika Varma,3.4,46.7,3,39.1,0
STU1548,Meera Pandit,7.0,70.4,7,63.4,1
STU1549,Chandran Mistry,4.6,55.4,5,52.5,1
STU1550,Hemang Datta,6.7,78.5,8,61.8,1
STU1551,Tanmayi Panchal,2.6,35.9,9,48.7,0
STU1552,Ekanta Narain,3.5,42.0,4,42.3,0
STU1553,Eta Acharya,5.3,59.1,6,57.5,1
STU1554,Waida Grewal,3.3,38.9,10,50.6,1
STU1555,Farhan Vaidya,3.5,35.5,8,45.6,0
STU1556,Kiaan Minhas,3.0,49.2,9,46.2,0
STU1557,Aishani Taneja,1.2,24.5,5,31.8,0
STU1558,Ijaya Som,1.0,20.9,4,26.8,0
STU1559,Isaiah Panchal,4.0,38.5,6,49.9,0
STU1560,Qadim Soman,4.2,56.2,10,48.4,0
STU1561,Zaid Mann,6.4,77.8,5,51.6,1
STU1562,Faris Kibe,3.7,53.6,6,58.9,1
STU1563,Gopal Aurora,1.8,21.5,4,27.6,0
STU1564,Qarin Goswami,5.3,59.4,1,43.1,0
STU1565,Adya Biswas,4.7,60.4,9,52.9,1
STU1566,Urvashi Barman,5.0,71.9,3,51.4,0
STU1567,Neel Sarma,3.2,37.6,7,39.5,0
STU1568,Dhriti Munshi,3.0,36.3,4,25.1,0
STU1569,Aashi Chana,5.0,48.5,8,60.7,1
STU1570,Hemal Jani,1.4,10.0,9,26.2,0
STU1571,Rajeshri Deo,3.3,44.2,8,46.3,0
STU1572,Chatura Pai,3.1,51.4,10,62.6,1
STU1573,Inaya Rattan,4.1,41.1,5,46.9,0
STU1574,Zaitra Raja,4.6,69.2,8,48.4,0
STU1575,Gaurangi Raju,5.6,57.2,6,58.3,1
STU1576,Samarth Sethi,7.0,100.0,8,77.4,1
STU1577,Aarush Virk,4.8,66.5,6,69.4,1
STU1578,Gunbir Lal,4.3,56.6,8,59.3,1
STU1579,Indira Shankar,5.3,57.4,5,43.4,0
STU1580,Hiral Chandran,4.7,64.2,7,70.2,1
STU1581,Vasatika Malhotra,4.0,54.7,4,39.8,0
STU1582,Hemal Badami,5.0,68.5,6,55.8,1
STU1583,Arjun Purohit,1.7,16.8,8,38.9,0
STU1584,Om Raval,4.8,58.1,7,50.4,1
STU1585,Diya Muni,5.0,64.2,7,53.9,1
STU1586,Manya Palla,0.8,20.6,6,18.6,0
STU1587,Sanya Dada,5.0,56.1,9,66.7,1
STU1588,Rohan Chaudhry,5.0,46.3,9,61.4,1
STU1589,Laksh Murty,3.4,42.2,3,37.5,0
STU1590,Thomas Varughese,2.5,16.5,3,32.7,0
STU1591,Jacob Saha,3.1,52.5,5,27.4,0
STU1592,Yashodhara Luthra,2.3,40.0,6,32.8,0
STU1593,Kalpit Swamy,4.2,55.4,9,69.5,1
STU1594,Dipta Issac,3.5,28.7,6,41.8,0
STU1595,Robert Dada,2.6,21.6,7,36.3,0
STU1596,Champak Dar,4.0,40.4,6,37.5,0
STU1597,Gaurang Raj,5.3,74.0,3,43.3,0
STU1598,Abdul Sarin,1.8,15.1,6,17.1,0
STU1599,Zayyan Sarna,2.6,21.2,7,37.1,0
STU1600,Charles Dyal,2.9,36.6,5,34.0,0
STU1601,Jagat Naidu,6.5,91.4,4,69.9,0
STU1602,Anya Desai,5.2,50.9,8,70.8,1
STU1603,Bhavya Sachdeva,2.3,18.4,9,42.3,0
STU1604,Kiaan Parsa,4.8,61.0,7,45.8,0
STU1605,Samar Bains,5.6,78.9,6,61.4,1
STU1606,Ojasvi Mannan,1.7,25.5,8,35.9,0
STU1607,Balveer Gopal,5.7,65.1,8,56.2,1
STU1608,Bina Sinha,4.0,46.3,7,46.2,0
STU1609,Shravya Banerjee,3.8,53.9,6,34.5,0
STU1610,Irya Garde,6.6,93.0,4,69.7,0
STU1611,Vedhika Grover,3.2,41.0,7,42.4,0
STU1612,Saumya Shanker,2.8,26.7,5,26.6,0
STU1613,Sai Shroff,3.9,39.6,8,61.8,1
STU1614,Vansha Borde,3.1,39.6,7,47.2,0
STU1615,Ekiya Wali,4.1,56.6,7,42.3,0
STU1616,Kala Apte,5.3,72.5,5,56.3,1
STU1617,Nicholas Om,5.0,57.9,9,81.1,1
STU1618,Zayyan Dua,2.8,19.8,7,42.9,0
STU1619,Laban Modi,3.7,58.9,4,48.1,0
STU1620,Tamanna Guha,3.1,54.4,10,49.4,0
STU1621,Hitesh Gill,3.2,47.0,6,42.6,0
STU1622,Rishi Murthy,4.0,28.8,6,36.5,0
STU1623,Umang Sharma,3.3,54.0,4,46.1,0
STU1624,Nilima Bala,3.6,40.4,8,51.4,1
STU1625,Qabil Majumdar,4.9,68.5,6,51.1,1
STU1626,Imaran Shroff,2.4,20.5,10,53.9,1
STU1627,Amara Walla,2.0,10.8,7,35.7,0
STU1628,Jairaj Bhargava,4.8,55.1,6,54.8,1
STU1629,Mugdha Parmar,4.1,27.0,6,35.2,0
STU1630,Ojas Shanker,4.3,81.5,7,56.8,1
STU1631,Udant Garde,5.4,69.6,7,66.2,1
STU1632,Henry Sangha,7.1,73.9,7,62.6,1
STU1633,Gautami Roy,4.8,48.4,6,48.1,0
STU1634,Yachana Chahal,5.5,75.2,4,55.2,0
STU1635,Baghyawati Subramaniam,2.9,22.2,6,32.9,0
STU1636,Varsha Patla,7.6,95.5,4,64.8,0
STU1637,Agastya Pingle,5.5,86.9,3,39.8,0
STU1638,Aachal Patla,6.8,85.5,5,70.3,1
STU1639,Ira Ranganathan,0.0,0.0,7,27.0,0
STU1640,Omaja Halder,2.5,30.9,5,35.0,0
STU1641,Qadim Grover,2.7,28.3,5,38.4,0
STU1642,Rushil Rajagopalan,5.3,61.3,7,47.2,0
STU1643,Ranbir Varma,3.6,42.7,10,46.0,0
STU1644,Isaac Bera,6.2,84.4,7,82.7,1
STU1645,Omya Patla,4.6,59.1,6,62.1,1
STU1646,Pooja Chatterjee,5.6,60.9,4,50.0,0
STU1647,Vincent Murthy,2.8,33.0,9,42.4,0
STU1648,Nisha Baral,3.9,47.4,8,33.8,0
STU1649,Balendra Ratti,3.1,39.3,9,45.0,0
STU1650,Tara Morar,1.2,20.6,5,15.0,0
STU1651,Radha Doctor,3.1,35.4,5,19.1,0
STU1652,Gagan Basak,5.3,76.3,8,56.2,1
STU1653,Aarna Wable,3.7,44.3,8,55.5,1
STU1654,Anvi Wali,2.9,35.6,7,53.2,1
STU1655,Ridhi Balakrishnan,5.1,69.1,7,71.1,1
STU1656,Darpan Karan,4.6,46.6,9,63.1,1
STU1657,Tanay Gala,3.3,34.8,7,46.9,0
STU1658,Meera Gola,4.3,54.7,10,69.6,1
STU1659,Amara Doshi,4.3,61.0,4,49.0,0
STU1660,Amara Iyer,6.7,78.2,5,58.5,1
STU1661,Noah Pau,2.4,21.0,6,21.6,0
STU1662,Ekta Barman,4.0,57.0,5,58.4,1
STU1663,Arya Konda,4.8,67.9,5,59.4,1
STU1664,Vyanjana Radhakrishnan,2.4,37.7,7,44.3,0
STU1665,Yachana Rout,2.2,17.4,8,29.1,0
STU1666,Wahab Mahajan,4.7,42.7,8,44.4,0
STU1667,Krishna Sanghvi,4.8,63.9,5,56.2,1
STU1668,Omkaar Rama,4.4,47.4,4,27.2,0
STU1669,Dev Munshi,4.5,38.4,7,47.3,0
STU1670,Meghana Dani,5.0,57.0,6,59.4,1
STU1671,Hemani Chahal,4.5,57.2,7,41.9,0
STU1672,Ekantika Agarwal,5.1,67.3,4,49.0,0
STU1673,Zashil Contractor,3.9,45.5,7,60.0,1
STU1674,Yashodhara Sibal,5.6,54.1,8,71.8,1
STU1675,Isha Wadhwa,4.6,66.1,10,73.4,1
STU1676,Ojasvi Tata,4.4,63.3,7,55.4,1
STU1677,Falan Mani,3.5,57.6,5,56.4,1
STU1678,Devika Majumdar,4.7,42.4,7,34.6,0
STU1679,Januja Dara,4.9,67.7,5,54.0,1
STU1680,Edhitha Shah,6.9,77.7,4,73.5,0
STU1681,Varsha Johal,6.9,82.8,9,87.7,1
STU1682,Panini Magar,2.9,29.9,9,59.2,1
STU1683,Amrita Tailor,4.8,48.8,10,57.6,1
STU1684,Rajeshri Soni,3.5,45.4,10,61.9,1
STU1685,Pranav Kalla,4.6,59.8,7,59.7,1
STU1686,Mugdha Pradhan,0.2,0.0,7,11.3,0
STU1687,Dev Mall,4.6,53.2,10,74.6,1
STU1688,Hemani Vyas,3.3,38.1,6,37.6,0
STU1689,Vincent Luthra,4.3,44.0,4,46.5,0
STU1690,Yamini Jain,4.9,50.8,8,52.1,1
STU1691,Yutika Hari,4.4,61.0,6,55.5,1
STU1692,Kala Chaudhari,3.2,36.4,6,34.3,0
STU1693,Shravya Kanda,3.7,28.9,6,38.4,0
STU1694,Siddharth Ray,3.6,40.8,6,47.0,0
STU1695,Neha Sheth,5.3,57.1,4,41.0,0
STU1696,Dayita Dass,3.3,36.1,5,27.5,0
STU1697,Vedant Gera,3.3,41.4,8,43.1,0
STU1698,Gopal Memon,3.4,31.5,6,33.2,0
STU1699,Ikbal Bahl,4.9,40.9,6,51.5,1
STU1700,Urmi Lata,4.3,78.5,7,50.6,1
STU1701,Jalsa Dass,3.9,29.0,6,34.9,0
STU1702,Yagnesh Natarajan,5.4,59.3,6,50.8,1
STU1703,Eshana Cherian,6.6,76.0,10,83.2,1
STU1704,Sneha Hari,4.7,60.1,7,40.4,0
STU1705,Chanakya Walla,3.6,51.7,6,34.7,0
STU1706,Aradhana Tata,3.9,63.8,9,58.2,1
STU1707,Christopher Nori,5.4,61.1,3,40.6,0
STU1708,Rachit Keer,6.3,72.9,6,61.0,1
STU1709,Meghana Shukla,6.9,99.1,10,82.5,1
STU1710,Ronith Divan,4.4,37.6,9,45.1,0
STU1711,Wishi Rajagopalan,4.3,40.6,5,36.8,0
STU1712,Amruta Lal,3.1,31.8,5,42.6,0
STU1713,Tanish Samra,2.3,29.8,9,38.9,0
STU1714,Udarsh Chacko,2.9,32.5,9,47.9,0
STU1715,Wriddhish Brahmbhatt,3.2,43.2,4,41.9,0
STU1716,Ucchal Upadhyay,4.6,52.1,5,40.6,0
STU1717,Max Madan,4.8,69.9,5,56.7,1
STU1718,Daksha Hegde,0.9,5.0,6,14.8,0
STU1719,Chaaya Khosla,2.6,24.5,7,35.9,0
STU1720,Ikshita Dash,0.6,0.0,5,20.4,0
STU1721,Lopa Vohra,0.0,0.0,5,25.1,0
STU1722,Anika Mitra,3.4,44.6,7,29.0,0
STU1723,Shravya Goyal,5.2,64.6,8,93.3,1
STU1724,Tejas Vaidya,0.9,28.0,6,30.2,0
STU1725,Bhanumati Sampath,3.9,42.6,5,44.8,0
STU1726,Chatresh Cherian,1.7,27.9,6,22.4,0
STU1727,Darika Hora,3.3,52.2,5,44.8,0
STU1728,Aarav Nagarajan,2.9,42.4,8,60.8,1
STU1729,Ishanvi Lata,3.7,51.1,7,59.4,1
STU1730,Utkarsh Misra,2.9,42.3,6,39.9,0
STU1731,Leena Sastry,4.1,51.7,6,49.9,0
STU1732,Frederick Khatri,6.4,86.7,8,69.2,1
STU1733,Krishna Tiwari,2.7,42.0,8,56.8,1
STU1734,Nathaniel Sethi,3.1,34.9,3,27.9,0
STU1735,Aishani Toor,5.5,61.3,8,61.0,1
STU1736,Leela Chahal,4.5,42.5,7,26.6,0
STU1737,Umang Kala,3.7,28.1,9,55.1,1
STU1738,Vedhika Sood,4.7,71.6,5,67.0,1
STU1739,Ekantika Mangat,5.4,62.4,9,56.3,1
STU1740,Urmi Behl,2.8,27.5,5,25.0,0
STU1741,Bimala Subramaniam,5.8,67.0,7,57.9,1
STU1742,Jeremiah Edwin,1.3,18.3,3,18.3,0
STU1743,Gautam Kohli,1.9,42.7,8,42.5,0
STU1744,Mitesh Parikh,5.9,62.3,8,66.1,1
STU1745,Azad Chanda,4.4,65.5,8,60.9,1
STU1746,Rachana Hans,1.5,8.4,6,26.4,0
STU1747,Faraj Banik,2.3,51.7,10,56.1,1
STU1748,Daksh Shah,4.1,47.1,5,44.8,0
STU1749,Utkarsh Dugar,4.4,40.4,7,48.3,0
STU1750,Fitan Yohannan,1.1,4.6,6,38.0,0
STU1751,Abhiram Agate,4.8,44.2,7,39.9,0
STU1752,Abhiram Raman,5.6,62.5,6,68.2,1
STU1753,Forum Ranganathan,2.1,11.2,5,34.6,0
STU1754,Vamakshi Ramanathan,1.7,0.0,6,28.9,0
STU1755,Hritik Badami,5.8,65.0,6,68.4,1
STU1756,Janya Garg,1.2,10.5,7,31.2,0
STU1757,Indali Dar,3.2,38.7,2,24.4,0
STU1758,Lopa Sama,4.7,46.6,7,56.0,1
STU1759,Warinder Gera,3.5,43.7,5,39.0,0
STU1760,Pratyush Dayal,4.9,60.4,5,52.9,1
STU1761,Damini Kunda,5.1,40.7,9,55.6,1
STU1762,Kamya Chadha,4.6,67.2,4,43.0,0
STU1763,Pooja Butala,3.6,35.4,10,46.2,0
STU1764,Harsh Seth,3.2,40.4,4,32.5,0
STU1765,Banjeet Lal,4.5,50.7,6,45.5,0
STU1766,Yasti Halder,1.7,23.6,10,41.7,0
STU1767,Aditya Dewan,4.3,58.5,4,58.8,0
STU1768,Varsha Naik,4.3,67.9,5,64.9,1
STU1769,Hamsini Jhaveri,5.2,67.9,7,58.0,1
STU1770,Harshil Mand,5.8,71.0,3,43.3,0
STU1771,Devika Madan,3.7,47.5,6,55.1,1
STU1772,Naksh Cheema,1.1,14.6,3,23.1,0
STU1773,Bhanumati Bahri,3.9,51.0,5,54.5,1
STU1774,Zarna Khanna,5.6,73.0,6,64.9,1
STU1775,Pahal Badal,2.9,43.4,10,60.5,1
STU1776,Darpan Ravi,2.9,38.4,4,38.4,0
STU1777,Upkaar Wagle,4.7,37.7,4,39.5,0
STU1778,Ucchal Sarma,3.5,29.9,7,44.8,0
STU1779,Ekbal Mohanty,3.7,36.8,9,64.3,1
STU1780,Inaya Khanna,3.3,33.5,7,40.0,0
STU1781,Wahab Khosla,3.8,53.0,3,49.3,0
STU1782,Matthew Kaur,4.1,45.1,6,46.2,0
STU1783,Nisha Sheth,1.4,31.7,7,37.4,0
STU1784,Frederick Bansal,5.4,54.6,7,55.4,1
STU1785,Yashica Buch,5.3,42.3,6,46.4,0
STU1786,Peter Natt,4.6,59.9,5,44.0,0
STU1787,Sanya Deol,3.8,36.6,8,45.7,0
STU1788,Gautam Lall,0.0,0.0,4,0.0,0
STU1789,Yahvi Puri,2.1,26.3,9,43.7,0
STU1790,Sai Contractor,3.1,41.8,6,35.6,0
STU1791,Ira Madan,2.3,10.1,6,30.9,0
STU1792,Nitara Mittal,3.9,42.6,5,47.1,0
STU1793,Farhan Tailor,2.0,31.8,4,22.1,0
STU1794,Vedant Dalal,1.8,16.6,8,38.8,0
STU1795,Abha Chada,5.5,71.2,4,51.1,0
STU1796,Bina Swaminathan,2.8,46.9,4,42.7,0
STU1797,Vedhika Rastogi,5.3,81.9,6,66.8,1
STU1798,Omkaar Yadav,7.4,82.6,3,47.3,0
STU1799,Vyanjana Mann,5.1,42.4,6,53.8,1
STU1800,Amaira Shroff,4.3,55.9,7,63.1,1
STU1801,Balendra Sule,2.6,24.4,5,38.4,0
STU1802,Sachi Krishnan,5.4,69.3,9,57.4,1
STU1803,Frado Mand,6.5,93.2,8,89.2,1
STU1804,Harini Mane,1.5,12.8,5,29.7,0
STU1805,Andrew Mohanty,2.4,36.4,9,50.7,1
STU1806,Vanya Toor,4.4,42.9,5,54.5,1
STU1807,Dakshesh Badami,5.2,62.0,6,39.5,0
STU1808,Widisha Dash,2.4,47.9,4,35.5,0
STU1809,Yashawini Rajan,5.5,53.5,7,65.2,1
STU1810,Daksh Kara,4.0,76.7,3,54.0,0
STU1811,Odika Warrior,3.7,52.1,7,43.4,0
STU1812,Isaac Sengupta,4.3,33.0,8,52.4,1
STU1813,Elijah Dhar,5.0,70.6,7,60.9,1
STU1814,Ati Seshadri,2.7,25.3,9,55.2,1
STU1815,Udyati Pall,3.6,43.7,5,50.5,1
STU1816,Aayush Borde,5.0,79.4,5,53.3,1
STU1817,Banjeet Sule,4.3,58.1,6,43.7,0
STU1818,Ekansh Prabhakar,5.3,70.8,5,66.4,1
STU1819,Krisha Sibal,5.8,70.9,7,67.9,1
STU1820,Eesha Khanna,2.7,32.7,2,32.9,0
STU1821,Harita Wadhwa,1.7,35.4,6,31.6,0
STU1822,Dev Karnik,3.1,34.3,9,27.8,0
STU1823,Abeer Luthra,5.9,74.2,4,47.7,0
STU1824,Yashawini Buch,6.5,68.5,4,66.7,0
STU1825,Bhavani Madan,4.5,44.6,7,42.8,0
STU1826,Harshil Gokhale,5.7,79.0,8,70.7,1
STU1827,Manan Bali,6.6,79.2,4,64.3,0
STU1828,Harini Padmanabhan,7.1,75.1,6,70.8,1
STU1829,Charvi Dhawan,3.9,37.0,9,70.6,1
STU1830,Vaishnavi Oommen,4.3,42.6,3,40.5,0
STU1831,Meera Zacharia,5.7,73.2,6,56.0,1
STU1832,Quincy Mohanty,2.4,37.1,8,30.1,0
STU1833,Omkaar Mand,6.4,82.5,9,63.9,1
STU1834,Ekanta Dasgupta,2.0,22.5,8,51.4,1
STU1835,Ucchal Dara,5.1,58.8,4,58.7,0
STU1836,Akshay Nori,2.6,47.5,6,53.1,1
STU1837,Harini Taneja,5.0,58.6,5,48.4,0
STU1838,Dipta Nanda,4.6,56.0,5,47.4,0
STU1839,Krishna Sundaram,4.1,27.9,7,37.2,0
STU1840,Azaan Vasa,2.3,10.7,3,10.6,0
STU1841,Rehaan Chand,2.9,54.3,5,42.1,0
STU1842,Jackson Singh,4.6,56.5,6,42.1,0
STU1843,Abeer Rai,6.2,92.5,3,51.2,0
STU1844,Warjas Chawla,3.6,33.6,8,41.2,0
STU1845,Bhavini Bala,7.2,98.3,7,84.8,1
STU1846,Abeer Biswas,5.7,62.8,5,56.0,1
STU1847,Gunbir Madan,5.3,65.0,3,42.1,0
STU1848,Gabriel Bansal,3.9,46.0,10,46.0,0
STU1849,Vasatika Prabhakar,4.8,72.5,10,64.5,1
STU1850,Ridhi Ganguly,4.7,62.1,7,55.5,1
STU1851,Gayathri Mody,4.7,31.1,8,52.3,1
STU1852,Nicholas Mishra,3.7,64.9,5,43.6,0
STU1853,Divya Goda,7.0,75.7,5,63.2,1
STU1854,Nakul Kaur,5.3,65.7,4,47.2,0
STU1855,Triya Pathak,3.1,36.4,7,46.0,0
STU1856,Baghyawati Naik,1.3,26.2,7,43.1,0
STU1857,Bhavna Raju,4.7,67.4,7,68.4,1
STU1858,Orinder D’Alia,4.8,56.6,10,70.9,1
STU1859,Isha Kuruvilla,4.9,46.0,4,47.1,0
STU1860,Rohan Bakshi,4.2,44.3,7,62.3,1
STU1861,Ekapad Ratta,5.0,48.6,6,45.0,0
STU1862,Adweta Vala,3.4,36.7,6,31.2,0
STU1863,Samar Garg,3.8,40.0,1,46.3,0
STU1864,Zinal Badami,5.6,63.4,7,51.3,1
STU1865,Manya Korpal,6.5,97.0,7,81.3,1
STU1866,Aadi Mann,4.3,38.2,6,46.8,0
STU1867,Aditya Kumar,3.3,37.4,6,40.4,0
STU1868,Ati Sawhney,4.1,38.6,5,31.8,0
STU1869,Gopal Raman,5.5,44.9,9,72.3,1
STU1870,Ubika Sarin,3.5,16.0,6,36.0,0
STU1871,Kamala Jhaveri,2.5,24.8,10,50.8,1
STU1872,Indrajit Uppal,2.6,15.2,6,30.6,0
STU1873,Raghav Raju,4.7,51.0,8,71.8,1
STU1874,Chameli Pingle,5.2,61.9,6,52.8,1
STU1875,Chakradhar Prasad,5.8,63.3,7,61.9,1
STU1876,Simon Pingle,3.2,24.7,7,39.7,0
STU1877,Tanveer Dasgupta,4.8,52.3,9,52.9,1
STU1878,Saumya Dass,6.6,61.7,7,68.5,1
STU1879,Akshay Kalla,2.8,37.8,9,29.5,0
STU1880,Darpan Swamy,4.8,32.7,5,56.8,1
STU1881,Ojas Pandey,3.1,25.5,6,53.7,1
STU1882,Tanay Biswas,1.3,5.1,9,47.2,0
STU1883,Abhimanyu Dada,3.8,33.2,10,66.2,1
STU1884,Faqid Sahota,5.0,51.9,6,51.0,1
STU1885,Aradhana Chaudhary,4.5,68.5,8,51.2,1
STU1886,Manbir Nagy,6.1,76.3,8,80.7,1
STU1887,Wahab Patel,2.3,27.2,5,18.6,0
STU1888,Chandresh Muni,4.5,79.1,3,48.2,0
STU1889,Pahal Setty,5.0,61.2,6,44.2,0
STU1890,Vasana Mandal,4.3,44.0,2,45.5,0
STU1891,Ojas Arya,5.4,65.3,7,68.8,1
STU1892,Advay Thaman,4.3,60.6,6,61.8,1
STU1893,Pooja Suri,4.5,55.9,4,47.7,0
STU1894,Falan Nagarajan,2.8,27.2,5,24.9,0
STU1895,Priya Lala,7.2,99.7,10,75.5,1
STU1896,Zinal Puri,4.1,36.3,5,34.2,0
STU1897,Jackson Dugar,5.9,66.8,9,73.3,1
STU1898,Zayan Hegde,7.5,75.2,9,86.9,1
STU1899,Girish Peri,2.5,40.1,7,39.0,0
STU1900,Neelima Mistry,2.8,26.4,10,47.2,0
STU1901,Hredhaan Krish,5.2,54.5,5,59.7,1
STU1902,Priya Sheth,2.0,19.8,7,34.5,0
STU1903,Avi Ramakrishnan,3.7,48.4,8,57.0,1
STU1904,Aayush Narula,2.5,27.2,9,50.4,1
STU1905,Zansi Sunder,1.9,26.3,3,23.9,0
STU1906,Hemal Ramaswamy,6.8,72.1,5,68.7,1
STU1907,Kiaan Gade,1.7,14.1,8,28.5,0
STU1908,Warda Narula,3.6,50.6,7,50.6,1
STU1909,Harsh Singh,3.5,45.7,6,47.6,0
STU1910,Rachana Pillay,3.3,37.8,5,38.0,0
STU1911,Chakradhar Pingle,2.8,22.5,7,39.5,0
STU1912,Warinder Sane,5.2,58.1,7,61.9,1
STU1913,Ishani Pandya,4.7,48.1,7,55.7,1
STU1914,Krish Naik,4.0,27.1,7,62.1,1
STU1915,Ayushman Gill,3.5,34.7,7,46.5,0
STU1916,Odika Salvi,5.8,57.0,8,67.5,1
STU1917,Chaitanya Bal,3.8,49.0,9,61.5,1
STU1918,Odika Chhabra,2.3,35.8,6,36.7,0
STU1919,Noah Pall,4.1,47.7,9,54.9,1
STU1920,Lakshit Balasubramanian,2.3,23.7,7,45.7,0
STU1921,Xavier Muni,4.9,50.3,10,64.7,1
STU1922,Gaurangi Agate,5.9,69.3,8,73.0,1
STU1923,Adweta Yogi,5.8,80.2,8,66.0,1
STU1924,Yashoda Bajwa,3.1,40.5,8,44.7,0
STU1925,Riya Bhatt,5.6,81.7,5,52.9,1
STU1926,Teerth Dutta,3.8,48.7,5,54.1,1
STU1927,Dakshesh Sant,4.6,55.6,4,35.3,0
STU1928,Jasmit Balan,4.4,31.5,9,51.6,1
STU1929,Samaksh Bahl,8.9,100.0,6,81.0,1
STU1930,Amol Shah,5.5,83.0,3,39.6,0
STU1931,Yashvi Saha,3.1,43.0,7,52.9,1
STU1932,Anirudh Khurana,2.2,3.2,8,26.5,0
STU1933,Isaiah Anne,1.0,13.5,8,29.3,0
STU1934,Saksham Radhakrishnan,3.3,38.0,6,30.4,0
STU1935,Gopal Mangat,2.9,40.0,7,44.0,0
STU1936,Gaurangi Patel,2.5,28.2,2,25.3,0
STU1937,Daniel Pau,6.1,58.5,5,58.7,1
STU1938,Vrinda Sidhu,5.9,66.3,5,41.4,0
STU1939,Akshay Sarma,4.2,70.8,7,56.0,1
STU1940,Unnati Deshmukh,4.5,53.9,5,54.3,1
STU1941,Ijaya Nagar,4.3,51.8,5,56.7,1
STU1942,Wriddhish Vig,5.0,54.5,9,57.3,1
STU1943,Chandran Bhatnagar,2.8,26.0,3,31.3,0
STU1944,Utkarsh Subramaniam,1.3,3.3,2,11.6,0
STU1945,Idika Pandit,3.8,42.3,4,29.5,0
STU1946,Wahab Thakur,4.7,50.9,7,46.4,0
STU1947,Arya Chokshi,4.3,64.6,8,54.6,1
STU1948,Viraj Naidu,4.4,50.4,7,49.4,0
STU1949,Nitara Rastogi,3.8,47.7,5,34.9,0
STU1950,Mohammed Wason,1.9,6.8,4,22.7,0
STU1951,Kritika Chhabra,2.7,37.5,7,25.4,0
STU1952,Nirja Patla,5.0,68.1,5,56.9,1
STU1953,Riya Manda,2.7,33.4,4,17.3,0
STU1954,Falguni Gara,3.4,39.6,6,32.5,0
STU1955,Bhavini Ratta,3.4,43.5,6,44.4,0
STU1956,Ekavir Barad,3.0,47.7,4,40.5,0
STU1957,Ronith Walla,5.8,74.4,6,57.3,1
STU1958,Zaitra Hari,5.6,53.0,5,49.3,0
STU1959,Rushil Gulati,5.9,74.6,5,56.7,1
STU1960,Upadhriti Kakar,3.1,30.1,8,32.9,0
STU1961,Yoshita Dugar,6.4,85.1,9,71.6,1
STU1962,Girish Dhawan,3.8,31.3,5,42.9,0
STU1963,Zarna Subramaniam,5.9,59.7,6,57.1,1
STU1964,Krishna Nayak,1.9,28.7,5,28.2,0
STU1965,Vasudha Uppal,3.3,31.7,6,37.9,0
STU1966,Idika Joshi,3.4,33.5,7,56.5,1
STU1967,Nikita Prakash,4.2,60.4,4,46.5,0
STU1968,Baljiwan Guha,2.4,14.0,5,37.8,0
STU1969,Chanakya Parmer,5.4,67.2,3,47.9,0
STU1970,Meghana Chandra,4.5,55.8,3,35.5,0
STU1971,Ira Rajagopal,3.9,52.2,2,34.9,0
STU1972,Manan Bal,4.2,58.9,8,60.7,1
STU1973,Xavier Nagarajan,2.8,14.5,6,41.0,0
STU1974,Balveer Chada,6.1,80.3,7,70.2,1
STU1975,Indira Kala,3.2,37.1,10,44.1,0
STU1976,Faras Ahluwalia,6.4,73.6,9,61.1,1
STU1977,Shravya Prashad,4.9,51.4,4,47.9,0
STU1978,Gopal Sahota,5.5,57.6,4,49.6,0
STU1979,Gunbir Keer,3.9,52.3,8,52.5,1
STU1980,Qushi Sekhon,6.8,83.8,6,55.5,1
STU1981,Girish Sani,3.6,39.8,8,52.3,1
STU1982,Ishwar Dhingra,2.2,28.1,8,51.6,1
STU1983,Krishna Wagle,5.3,71.2,7,64.4,1
STU1984,Lucky Sani,5.9,57.5,6,51.5,1
STU1985,Aarna Solanki,4.6,67.5,5,32.5,0
STU1986,Udarsh Chaudhary,3.4,49.9,8,53.6,1
STU1987,Guneet Dalal,3.6,30.4,8,39.5,0
STU1988,Vaishnavi Dhawan,7.3,93.3,5,65.3,1
STU1989,Ucchal Palan,3.9,44.4,9,55.3,1
STU1990,William Ben,2.9,53.7,7,52.2,1
STU1991,Urvashi Sem,3.1,40.8,7,28.6,0
STU1992,Adweta Bhagat,7.0,96.9,6,63.7,1
STU1993,Sachi Venkataraman,4.5,54.9,7,55.1,1
STU1994,Mekhala Ray,4.8,72.1,8,53.6,1
STU1995,Brijesh Nadkarni,6.0,88.4,10,68.1,1
STU1996,Victor Gopal,4.4,32.0,8,45.8,0
STU1997,Noah Krishnamurthy,6.9,75.1,3,54.4,0
STU1998,Sathvik Shukla,1.0,19.5,2,15.2,0
STU1999,Mahika Narula,0.9,7.6,10,36.8,0
STU2000,Pratyush Koshy,2.7,32.1,7,43.6,0
STU2001,Harshil Pal,1.9,28.7,1,13.5,0
STU2002,Saumya Hayer,3.3,45.9,7,34.7,0
STU2003,Gaurang Bhakta,2.5,32.0,6,31.4,0
STU2004,Hemangini Chanda,3.3,46.6,5,39.8,0
STU2005,Chatura Kant,7.3,73.4,3,65.9,0
STU2006,Lekha Khalsa,3.0,32.8,5,33.6,0
STU2007,Leela Bava,6.4,84.8,8,61.1,1
STU2008,Ekapad Memon,2.3,0.0,5,32.0,0
STU2009,Anika Wadhwa,4.8,55.4,6,46.7,0
STU2010,Abeer Sarin,4.3,59.3,3,45.0,0
STU2011,Faraj Bajwa,5.4,60.6,8,84.4,1
STU2012,Eshana Kamdar,3.8,49.5,5,44.9,0
STU2013,Vrishti Sandal,4.7,58.3,4,48.6,0
STU2014,Girindra Sharma,6.2,78.9,8,68.1,1
STU2015,Avi Mody,5.1,64.0,5,55.5,1
STU2016,Samarth Kunda,2.5,23.7,7,39.1,0
STU2017,Hardik Behl,2.2,36.9,8,35.9,0
STU2018,Amrita Sharaf,1.7,19.0,6,30.1,0
STU2019,Urishilla Sahni,3.5,21.9,6,35.6,0
STU2020,Ronith Sunder,5.0,53.0,10,48.5,0
STU2021,Ishita Raman,6.0,69.8,8,67.5,1
STU2022,Vyanjana Sastry,5.7,64.5,4,64.3,0
STU2023,Tanvi Bhandari,3.8,47.8,9,46.0,0
STU2024,Upkaar Maharaj,4.9,52.9,6,52.7,1
STU2025,Nikita Deshpande,1.7,12.6,9,43.1,0
STU2026,Qushi Buch,3.9,49.2,6,57.5,1
STU2027,Agastya Prasad,3.7,46.7,9,47.3,0
STU2028,Orinder Anne,6.3,60.3,10,68.4,1
STU2029,Liam Borra,3.6,24.3,6,30.8,0
STU2030,Xalak Srinivas,3.1,35.8,8,47.0,0
STU2031,Chakradev Sarna,4.5,43.0,5,59.4,1
STU2032,Naksh Srivastava,2.9,51.4,6,42.7,0
STU2033,Osha Borra,5.6,79.9,6,58.9,1
STU2034,Hardik Shan,3.9,50.2,8,52.5,1
STU2035,Aarav Tripathi,4.9,75.2,7,62.9,1
STU2036,Jyoti Bera,1.7,0.0,7,26.5,0
STU2037,Vivaan Toor,3.2,40.8,6,50.4,1
STU2038,Girish Taneja,4.1,41.7,8,49.5,0
STU2039,Charan Subramanian,4.8,52.8,5,49.5,0
STU2040,Vinaya Rama,4.0,52.8,6,33.3,0
STU2041,Orinder Upadhyay,3.4,48.7,6,42.3,0
STU2042,Liam Sangha,5.5,58.9,3,46.6,0
STU2043,Sai Iyengar,3.3,29.9,6,43.1,0
STU2044,Niharika Sule,4.0,51.1,10,56.0,1
STU2045,Suhani Kala,4.4,47.7,5,41.0,0
STU2046,Chandran Walia,3.3,43.2,10,47.9,0
STU2047,Odika Lad,3.4,40.2,7,47.1,0
STU2048,Udant Ganguly,5.9,46.5,2,39.8,0
STU2049,Warjas Sachdeva,5.6,51.5,0,42.7,0
STU2050,Meera Lanka,4.4,41.9,5,36.5,0
STU2051,Janya Mani,4.2,44.1,7,26.7,0
STU2052,Ishani Hayre,2.7,21.1,6,29.9,0
STU2053,Lekha Wagle,5.2,43.8,7,58.4,1
STU2054,Reyansh Sen,6.8,76.8,7,55.0,1
STU2055,Omaja Nori,0.4,13.2,6,31.3,0
STU2056,Pavani More,1.9,28.0,10,46.9,0
STU2057,Lekha Dayal,4.4,52.9,3,52.3,0
STU2058,Dalbir Kulkarni,3.1,42.2,3,23.5,0
STU2059,Idika Kaur,6.2,70.9,9,70.2,1
STU2060,Upma Sankar,1.2,23.3,5,30.8,0
STU2061,Chavvi Kala,4.0,32.6,7,63.3,1
STU2062,Samarth Barad,4.7,55.8,9,62.0,1
STU2063,Oscar Dhingra,4.3,40.7,7,57.4,1
STU2064,Harsh Gill,2.7,46.6,6,33.5,0
STU2065,Neel Dasgupta,5.5,63.1,8,60.6,1
STU2066,Vedant Kuruvilla,3.9,51.7,7,34.1,0
STU2067,Maya Sharma,2.3,36.9,6,32.2,0
STU2068,Ekani Khalsa,2.0,13.2,2,17.1,0
STU2069,Lavanya Mann,3.1,27.5,6,40.5,0
STU2070,Dalaja Wali,7.1,70.1,9,82.5,1
STU2071,Aadi Barad,2.8,35.6,6,39.8,0
STU2072,Baghyawati Iyer,6.3,81.7,8,67.7,1
STU2073,Anmol Gaba,1.8,19.5,9,26.0,0
STU2074,Brijesh Gaba,2.4,30.1,5,26.0,0
STU2075,Lila Mohanty,3.4,27.1,5,41.7,0
STU2076,Ria Shanker,2.0,8.0,5,30.9,0
STU2077,Faqid Mahajan,3.7,39.8,7,32.2,0
STU2078,Gopal Kapur,4.7,60.2,6,61.1,1
STU2079,Vasana Sharma,2.3,38.9,7,37.0,0
STU2080,Urvi Naidu,4.0,46.9,9,46.3,0
STU2081,Utkarsh Rajagopalan,2.9,45.2,5,45.5,0
STU2082,Atharv Mann,6.5,74.0,8,60.9,1
STU2083,Udant Chaudry,5.1,63.2,7,53.2,1
STU2084,Bakhshi Parekh,1.5,23.0,2,15.6,0
STU2085,Amrita Madan,5.4,66.7,10,77.2,1
STU2086,Ekanta Sami,3.0,36.3,6,26.7,0
STU2087,Bimala Venkataraman,2.6,25.6,2,24.1,0
STU2088,Shaurya Kannan,3.6,26.5,7,48.1,0
STU2089,Ekantika Sama,4.3,48.4,8,59.3,1
STU2090,Manbir Lall,4.5,45.8,7,60.9,1
STU2091,Farhan Wali,3.1,58.2,5,42.8,0
STU2092,Kashvi Anne,3.0,38.2,3,27.1,0
STU2093,Ekanta Devan,2.4,30.2,8,45.9,0
STU2094,Utkarsh Borde,0.4,25.2,7,21.5,0
STU2095,Faqid Gour,4.2,52.2,5,47.5,0
STU2096,Isaiah Aggarwal,3.1,33.2,5,24.8,0
STU2097,Andrew Mallick,4.2,56.3,8,61.9,1
STU2098,Indira Oak,4.5,48.7,8,44.0,0
STU2099,Vasana Nagy,2.6,21.6,9,49.8,0
STU2100,Nihal Contractor,4.7,67.1,5,54.7,1
STU2101,Anita Badal,3.8,54.1,6,44.3,0
STU2102,Ronith Saha,4.8,66.4,5,51.7,1
STU2103,Manthan Kari,2.4,3.8,7,36.2,0
STU2104,Fitan Sangha,4.4,33.3,6,27.2,0
STU2105,Yadavi Karnik,6.1,62.3,9,75.8,1
STU2106,Ekansh Rege,2.6,19.9,7,29.5,0
STU2107,Bhanumati Baral,4.2,45.6,3,20.8,0
STU2108,Zayan Nath,4.3,46.0,5,50.4,1
STU2109,Jason Cherian,5.8,66.9,6,63.6,1
STU2110,Rishi Dugar,2.0,26.2,8,43.4,0
STU2111,Wyatt Sibal,1.1,5.6,5,21.1,0
STU2112,Nathan Pai,4.7,71.4,6,51.8,1
STU2113,Forum Palla,5.7,71.4,9,71.0,1
STU2114,Yug Vig,2.3,14.3,3,27.6,0
STU2115,Abdul Bir,5.8,88.1,8,79.8,1
STU2116,Gabriel Virk,3.1,25.6,8,46.1,0
STU2117,Jackson Kuruvilla,4.2,54.3,7,62.3,1
STU2118,Pratyush Sood,5.9,76.2,8,72.1,1
STU2119,Tripti Rege,3.3,47.2,4,46.3,0
STU2120,Damini Zachariah,2.2,29.3,5,35.6,0
STU2121,Benjamin Grewal,3.9,30.9,7,40.2,0
STU2122,Ucchal Malhotra,5.3,63.6,7,51.7,1
STU2123,Michael Roy,3.1,32.6,8,57.9,1
STU2124,Vrinda Manne,2.8,44.4,2,19.7,0
STU2125,Indali Raval,2.6,17.7,3,27.8,0
STU2126,Baghyawati Iyer,3.7,48.2,8,53.2,1
STU2127,Nihal Prabhu,5.0,59.3,4,57.0,0
STU2128,Turvi Apte,3.1,27.8,6,30.4,0
STU2129,Girish Nagarajan,3.4,44.2,7,38.8,0
STU2130,Ati Gala,3.3,50.3,7,63.6,1
STU2131,Lila Verma,5.8,81.0,4,63.7,0
STU2132,Yatin Badami,3.9,41.3,7,55.0,1
STU2133,Ishwar Taneja,4.8,48.8,8,51.1,1
STU2134,Siddharth Barman,4.3,48.6,6,54.4,1
STU2135,Tanmayi Patla,2.4,48.3,3,26.5,0
STU2136,Jyoti Parmer,4.6,61.0,6,52.3,1
STU2137,Gopal Garde,4.6,52.9,9,65.8,1
STU2138,Pahal Bhandari,5.3,53.9,6,51.7,1
STU2139,Tanvi Shetty,2.5,33.6,5,38.9,0
STU2140,Barkha Kaul,2.4,46.0,5,38.1,0
STU2141,Maanas Anne,5.2,56.7,8,50.1,1
STU2142,Ati Gera,6.2,74.5,5,58.1,1
STU2143,Yadavi Seth,5.2,56.6,5,49.8,0
STU2144,Amrita Sampath,2.2,44.6,5,41.7,0
STU2145,Jeet Subramanian,4.3,41.8,6,52.9,1
STU2146,Indrajit Wason,3.7,56.3,9,63.3,1
STU2147,Rudra Balasubramanian,3.3,28.8,5,37.6,0
STU2148,Yasti Pillay,4.8,35.9,6,48.6,0
STU2149,Balhaar Sami,3.6,56.1,7,60.3,1
STU2150,Ekaraj Vohra,3.7,53.8,10,68.6,1
STU2151,Gaurang Pradhan,2.4,26.3,6,38.1,0
STU2152,Xiti Sama,5.0,51.6,7,38.8,0
STU2153,Aachal Dada,6.2,69.3,7,62.3,1
STU2154,Wridesh Comar,5.7,40.0,6,51.6,1
STU2155,Baghyawati Dada,3.3,56.9,5,49.2,0
STU2156,Naksh Sodhi,4.5,66.6,5,45.0,0
STU2157,Indira Sharma,5.6,71.5,3,47.1,0
STU2158,Ishaan Chaudhry,4.6,63.6,5,27.3,0
STU2159,Jacob Sodhi,4.8,45.4,2,15.9,0
STU2160,Urvashi Dugar,5.2,63.7,6,67.2,1
STU2161,Luke Dara,5.0,76.2,4,52.5,0
STU2162,Urvi Sandal,1.6,16.9,6,33.2,0
STU2163,Omisha Pant,4.1,55.4,8,71.9,1
STU2164,Vyanjana Subramaniam,3.5,32.6,7,37.1,0
STU2165,Bhanumati Dasgupta,6.2,71.6,5,56.0,1
STU2166,Libni Garg,5.1,59.6,5,65.2,1
STU2167,Gayathri Chahal,2.7,32.8,8,29.7,0
STU2168,Krishna Sunder,4.7,45.8,8,47.3,0
STU2169,Rohan Mukhopadhyay,5.0,71.1,8,64.7,1
STU2170,Siddharth Soman,3.7,38.6,9,45.9,0
STU2171,Zarna Sem,2.4,35.5,5,26.1,0
STU2172,Aayush Dhar,1.8,16.8,6,31.0,0
STU2173,Jackson Sachdev,5.4,70.1,6,57.0,1
STU2174,Anusha Behl,4.8,70.3,7,55.0,1
STU2175,Samarth Arya,2.5,15.5,8,42.2,0
STU2176,Maya Luthra,4.9,57.5,9,57.8,1
STU2177,Yachana Bava,5.4,64.4,5,59.1,1
STU2178,Simon Dave,4.6,58.8,7,54.7,1
STU2179,Ijaya Suri,7.6,100.0,8,82.5,1
STU2180,Bakhshi Mukhopadhyay,5.5,71.2,7,59.7,1
STU2181,Aashi Som,3.9,15.1,7,37.0,0
STU2182,Amrita Sha,6.4,77.0,4,58.8,0
STU2183,Rajata Mani,2.4,33.5,7,46.4,0
STU2184,Ganga Krishnamurthy,2.8,33.9,4,37.9,0
STU2185,Baljiwan Palan,4.8,62.6,7,60.2,1
STU2186,Om De,6.4,73.9,7,58.2,1
STU2187,Qasim Agate,2.7,33.4,9,43.6,0
STU2188,Raghav Wason,3.6,39.1,5,42.3,0
STU2189,Omkaar Choudhary,1.8,34.4,5,36.5,0
STU2190,Lucky Lad,2.1,31.9,8,42.9,0
STU2191,Varenya Deep,2.5,32.5,4,28.6,0
STU2192,Darika Devi,5.5,74.0,7,55.0,1
STU2193,Kai Rajagopal,5.0,60.2,2,49.4,0
STU2194,Yashawini Wadhwa,4.0,60.0,4,18.8,0
STU2195,Aahana Maharaj,4.4,55.7,3,34.3,0
STU2196,Manan Mani,8.1,94.1,8,77.2,1
STU2197,Suhani Mammen,0.9,9.1,6,19.9,0
STU2198,Fariq Kara,3.8,48.2,6,35.8,0
STU2199,Jairaj Hari,4.7,36.9,2,41.9,0
